company,title,location,category,url,source,first_seen,last_seen,date_posted,season_confidence,in_simplify,active
Tighe & Bond,GIS Intern - Geographic Information Systems,"Worcester, MA",General Technology,https://careers-tighebond.icims.com/jobs/1892/job?mobile=true&needsRedirect=false,github,2026-09-15,2026-09-15,,medium,True,True
Tive,Software Engineer Co-op,"Boston, MA",Software Engineering,https://ats.rippling.com/tive-careers/jobs/c88ab3d3-a8e7-4639-b95b-d6c9b5290dd0,github,2026-09-14,2026-09-15,,medium,True,True
RTX,Test Engineering Analysis Intern (Summer 2027)(Onsite),US-CT-EAST HARTFORD-ETC ~ 400 Main St ~ BLDG ETC,Hardware / Engineering,https://globalhr.wd5.myworkdayjobs.com/rec_rtx_ext_gateway/job/US-CT-EAST-HARTFORD-ETC--400-Main-St--BLDG-ETC/Test-Engineering-Analysis-Intern--Summer-2027--Onsite-_01871446,workday,2026-09-14,2026-09-15,2026-09-14,high,False,True
RTX,Systems Engineering Summer Intern- Onsite,US-CT-WINDSOR LOCKS-B1A ~ 1 Hamilton Rd ~ BLDG 1A,Hardware / Engineering,https://globalhr.wd5.myworkdayjobs.com/rec_rtx_ext_gateway/job/US-CT-WINDSOR-LOCKS-B1A--1-Hamilton-Rd--BLDG-1A/Systems-Engineering-Summer-Intern--Onsite_01872942,workday,2026-09-14,2026-09-15,2026-09-14,medium,False,True
RTX,Systems Engineering Intern (Onsite),US-CT-MIDDLETOWN-220A ~ Aircraft Rd ~ BLDG 220A,Hardware / Engineering,https://globalhr.wd5.myworkdayjobs.com/rec_rtx_ext_gateway/job/US-CT-MIDDLETOWN-220A--Aircraft-Rd--BLDG-220A/Systems-Engineering-Intern--Onsite-_01871782,workday,2026-09-14,2026-09-15,2026-09-14,medium,False,True
RTX,Project Engineering Intern (Summer 2027)(Onsite),"US-ME-NORTH BERWICK-113 ~ 113 Wells St ~ WELLS, Rte 9",Hardware / Engineering,https://globalhr.wd5.myworkdayjobs.com/rec_rtx_ext_gateway/job/US-ME-NORTH-BERWICK-113--113-Wells-St--WELLS-Rte-9/Project-Engineering-Intern--Summer-2027--Onsite-_01872630,workday,2026-09-14,2026-09-15,2026-09-14,high,False,True
RTX,Mechanical Design Engineering Intern (Summer 2027),US-CT-WINDSOR LOCKS-B1 ~ 1 Hamilton Rd ~ BLDG 1,Hardware / Engineering,https://globalhr.wd5.myworkdayjobs.com/rec_rtx_ext_gateway/job/US-CT-WINDSOR-LOCKS-B1--1-Hamilton-Rd--BLDG-1/Mechanical-Design-Engineering-Intern--Summer-2027-_01873000,workday,2026-09-14,2026-09-15,2026-09-14,high,False,True
RTX,Materials & Processes and Mechanical Disciplines Engineering Intern (Summer 2027) (Onsite),US-CT-EAST HARTFORD-ETC ~ 400 Main St ~ BLDG ETC,Hardware / Engineering,https://globalhr.wd5.myworkdayjobs.com/rec_rtx_ext_gateway/job/US-CT-EAST-HARTFORD-ETC--400-Main-St--BLDG-ETC/Materials---Processes-and-Mechanical-Disciplines-Engineering-Intern--Summer-2027---Onsite-_01871669,workday,2026-09-14,2026-09-15,2026-09-14,high,False,True
RTX,Engineering Services Intern (Summer 2027),US-CT-WINDSOR LOCKS-B1A ~ 1 Hamilton Rd ~ BLDG 1A,Hardware / Engineering,https://globalhr.wd5.myworkdayjobs.com/rec_rtx_ext_gateway/job/US-CT-WINDSOR-LOCKS-B1A--1-Hamilton-Rd--BLDG-1A/Engineering-Services-Intern--Summer-2027-_01872640,workday,2026-09-14,2026-09-15,2026-09-13,high,False,True
RTX,Electrical Engineer Intern - RDP,"Tewksbury, MA",Hardware / Engineering,https://globalhr.wd5.myworkdayjobs.com/Private_Posting_No_TMP/job/US-MA-TEWKSBURY-TB1--50-Apple-Hill-Dr--ASSABET-BLDG/RDP-Engineering-Intern--Summer-2027-_01866242,github,2026-09-14,2026-09-15,,medium,True,True
OpenGov,Software Engineer Intern,"Boston, MA",Software Engineering,https://jobs.ashbyhq.com/opengov/c31622c1-be01-4d4a-b7cf-d116be84cc08?embed=true,github,2026-09-14,2026-09-15,,medium,True,True
National Life,IT Application Development Intern,"Montpelier, VT; Addison, TX",General Technology,https://job-boards.greenhouse.io/nationallifeinsurancecompany/jobs/4402184009,github,2026-09-14,2026-09-15,,medium,True,True
Merck,2027 Future Talent Program – Pharmaceutical Analysis and Digital Technology (PADT) and Large Molecule Analytical (LMA) - Intern,USA - New Jersey - Rahway; USA - Massachusetts - Boston (MA Parcel B Laboratory); USA - Pennsylvania - West Point; USA - California - South San Francisco (Grand Ave),Statistics / Analytics,https://msd.wd5.myworkdayjobs.com/searchjobs/job/USA---New-Jersey---Rahway/XMLNAME-2027-Future-Talent-Program---Pharmaceutical-Analysis-and-Digital-Technology--PADT--and-Large-Molecule-Analytical--LMA----Intern_R416765,workday,2026-09-14,2026-09-15,2026-09-08,medium,False,True
Google,User Experience Engineer Intern - PhD - Summer 2027 🎓,"Palo Alto, CA; Cambridge, MA; Madison, WI; Seattle, WA; Washington, DC; SF; Austin, TX; LA; Irvine, CA; San Bruno, CA; Redmond, WA; Santa Cruz, CA; Chicago, IL; Goleta, CA; Pittsburgh, PA; Kirkland, WA; Reston, VA; NYC; Bellevue, WA; Sunnyvale, CA; Mountain View, CA; Portland, OR; Boulder, CO; Atlanta, GA; San Diego, CA",Hardware / Engineering,https://www.google.com/about/careers/applications/jobs/results/117572151191446214,github,2026-09-14,2026-09-15,,high,True,True
Google,User Experience Engineer Intern,"Palo Alto, CA; Cambridge, MA; Madison, WI; Seattle, WA; Washington, DC; SF; Austin, TX; LA; Irvine, CA; San Bruno, CA; Redmond, WA; Santa Cruz, CA; Chicago, IL; Goleta, CA; Pittsburgh, PA; Kirkland, WA; Reston, VA; NYC; Bellevue, WA; Sunnyvale, CA; Mountain View, CA; Portland, OR; Boulder, CO; Atlanta, GA; San Diego, CA",Hardware / Engineering,https://www.google.com/about/careers/applications/jobs/results/112499004540887750,github,2026-09-14,2026-09-15,,medium,True,True
Google,Hardware Engineer Intern - PhD 🎓,"Palo Alto, CA; Cambridge, MA; Madison, WI; Seattle, WA; Washington, DC; SF; Austin, TX; LA; San Jose, CA; Irvine, CA; South SF; Redwood City, CA; Raleigh, NC; San Bruno, CA; Redmond, WA; Durham, NC; Ann Arbor, MI; Santa Cruz, CA; Chicago, IL; Goleta, CA; Pittsburgh, PA; Kirkland, WA; Reston, VA; NYC; Bellevue, WA; Sunnyvale, CA; Mountain View, CA; Portland, OR; Boulder, CO; Atlanta, GA; San Diego, CA",Hardware / Engineering,https://www.google.com/about/careers/applications/jobs/results/97352132356645574,github,2026-09-14,2026-09-15,,medium,True,True
Google,Hardware Engineer Intern,"Palo Alto, CA; Cambridge, MA; Madison, WI; Seattle, WA; Washington, DC; SF; Austin, TX; LA; San Jose, CA; Irvine, CA; South SF; Redwood City, CA; Raleigh, NC; San Bruno, CA; Redmond, WA; Durham, NC; Ann Arbor, MI; Santa Cruz, CA; Chicago, IL; Goleta, CA; Pittsburgh, PA; Kirkland, WA; Reston, VA; NYC; Bellevue, WA; Sunnyvale, CA; Mountain View, CA; Portland, OR; Boulder, CO; Atlanta, GA; San Diego, CA",Hardware / Engineering,https://www.google.com/about/careers/applications/jobs/results/122803627516404422,github,2026-09-14,2026-09-15,,medium,True,True
Google,Data Scientist Research Intern - PhD 🎓,"Palo Alto, CA; Cambridge, MA; Madison, WI; Seattle, WA; Washington, DC; SF; Austin, TX; LA; San Jose, CA; Irvine, CA; South SF; Redwood City, CA; Raleigh, NC; San Bruno, CA; Redmond, WA; Durham, NC; Ann Arbor, MI; Santa Cruz, CA; Chicago, IL; Goleta, CA; Pittsburgh, PA; Kirkland, WA; Reston, VA; NYC; Bellevue, WA; Sunnyvale, CA; Mountain View, CA; Portland, OR; Boulder, CO; Atlanta, GA; San Diego, CA",Data Science,https://www.google.com/about/careers/applications/jobs/results/89965613241246406,github,2026-09-14,2026-09-15,,medium,True,True
Google,Data Scientist Intern - Product 🎓,"Palo Alto, CA; Cambridge, MA; Madison, WI; Seattle, WA; Washington, DC; SF; Austin, TX; LA; San Jose, CA; Irvine, CA; South SF; Redwood City, CA; Raleigh, NC; San Bruno, CA; Redmond, WA; Durham, NC; Ann Arbor, MI; Santa Cruz, CA; Chicago, IL; Goleta, CA; Pittsburgh, PA; Kirkland, WA; Reston, VA; NYC; Bellevue, WA; Sunnyvale, CA; Mountain View, CA; Portland, OR; Boulder, CO; Atlanta, GA; San Diego, CA",Data Science,https://www.google.com/about/careers/applications/jobs/results/119184035237765830,github,2026-09-14,2026-09-15,,medium,True,True
Google,Business Data Scientist Intern 🎓,"Palo Alto, CA; Cambridge, MA; Madison, WI; Seattle, WA; Washington, DC; SF; Austin, TX; LA; San Jose, CA; Irvine, CA; South SF; Redwood City, CA; Raleigh, NC; San Bruno, CA; Redmond, WA; Durham, NC; Ann Arbor, MI; Santa Cruz, CA; Chicago, IL; Goleta, CA; Pittsburgh, PA; Kirkland, WA; Reston, VA; NYC; Bellevue, WA; Sunnyvale, CA; Mountain View, CA; Portland, OR; Boulder, CO; Atlanta, GA; San Diego, CA",Data Science,https://www.google.com/about/careers/applications/jobs/results/134577198026629830,github,2026-09-14,2026-09-15,,medium,True,True
Dell Technologies,Software Engineering Intern,"Round Rock, TX; Hopkinton, MA",Software Engineering,https://iawmqy.fa.ocs.oraclecloud.com/hcmUI/CandidateExperience/en/sites/careers/job/297773,github,2026-09-14,2026-09-15,,medium,True,True
Dell Technologies,Hardware Engineering Intern - Infrastructure Solutions Group,"Round Rock, TX; Hopkinton, MA",Hardware / Engineering,https://iawmqy.fa.ocs.oraclecloud.com/hcmUI/CandidateExperience/en/sites/careers/job/297770,github,2026-09-14,2026-09-15,,medium,True,True
Cyvl,Hardware Engineering Intern,"Boston, Massachusetts; Somerville, Massachusetts",Hardware / Engineering,https://jobs.ashbyhq.com/cyvl/3590960d-4d02-48bb-a335-cb82e121a01e,ashby,2026-09-14,2026-09-15,2026-09-14,medium,False,True
Cyvl,Engineering Intern - Software (SWE)/Machine Learning (ML),"Boston, Massachusetts; Somerville, Massachusetts",AI / Machine Learning,https://jobs.ashbyhq.com/cyvl/8bfc4116-b0bb-47f8-bca1-7069a37db328,ashby,2026-09-14,2026-09-15,2026-09-14,medium,False,True
Castleton Commodities International,Cybersecurity Internship (Summer 2027),"Stamford, CT",Cybersecurity,https://osv-cci.wd1.myworkdayjobs.com/CCICareers/job/Stamford-CT/Cybersecurity-Intern_R1368,workday,2026-09-14,2026-09-15,2026-08-17,high,False,True
CACI,Electromechanical Engineering Intern - Summer 2027,"Danbury, CT, US",Hardware / Engineering,https://caci.wd1.myworkdayjobs.com/external/job/Danbury-CT-US/Electromechanical-Engineering-Intern---Summer-2027_332007,workday,2026-09-14,2026-09-15,2026-09-14,high,False,True
Avangrid / Iberdrola,"2027 Technology, Cyber & Data Internship Program","United States Of America, Connecticut, Orange; United States Of America, Maine, Augusta; United States Of America, Maine, Portland; United States Of America, Oregon, Portland; United States Of America, New York, Rochester; United States Of America, Massachusetts, Boston",Cybersecurity,https://iberdrola.wd3.myworkdayjobs.com/Iberdrola/job/United-States-Of-America-Connecticut-Orange/XMLNAME-2027-Technology--Cyber---Data-Internship-Program_R-32747,workday,2026-09-14,2026-09-15,2026-08-28,medium,False,True
Avangrid / Iberdrola,2027 Engineering & Project Delivery Internship Program,"United States Of America, Connecticut, Orange; United States Of America, Maine, Portland; United States Of America, New York, Binghamton; United States Of America, Oregon, Portland; United States Of America, New York, Rochester; United States Of America, Massachusetts, Boston",Hardware / Engineering,https://iberdrola.wd3.myworkdayjobs.com/Iberdrola/job/United-States-Of-America-Connecticut-Orange/XMLNAME-2027-Engineering---Project-Delivery-Internship-Program_R-32746,workday,2026-09-14,2026-09-15,2026-08-28,medium,False,True
Wellington Management,Technology Undergraduate Intern,"Boston, MA",General Technology,https://wellington.wd5.myworkdayjobs.com/Campus/job/Boston-MA-United-States/Technology-Undergraduate-Summer-Internship_R94778,github,2026-09-13,2026-09-15,,medium,True,True
Walleye Capital,Quantic – Quantitative Developer Intern (Summer 2027),"Boston, MA",Statistics / Analytics,https://job-boards.greenhouse.io/walleyecapital-external-students/jobs/4679168006,greenhouse,2026-09-13,2026-09-15,,high,False,True
Walleye Capital,Quantic - PhD Quantitative Researcher Intern (Summer 2027),"Boston, MA",Statistics / Analytics,https://job-boards.greenhouse.io/walleyecapital-external-students/jobs/4679184006,greenhouse,2026-09-13,2026-09-15,,high,False,True
Trimble,Software Engineer Intern,"Dayton, OH; Knoxville, TN; Portsmouth, NH; Princeton, NJ; Lake Oswego, OR; Westminster, CO; Sunnyvale, CA; Atlanta, GA",Software Engineering,https://trimble.wd1.myworkdayjobs.com/TrimbleCareers/job/US---CO-Westminster/Software-Engineering-Intern_R57676,github,2026-09-13,2026-09-15,,medium,True,True
Travelers,Product Management Development Program (PMDP) Intern,CT - Hartford,Product Management,https://travelers.wd5.myworkdayjobs.com/External/job/CT---Hartford/Product-Management-Development-Program--PMDP--Intern_R-52317,workday,2026-09-13,2026-09-15,2026-09-01,medium,False,True
Travelers,"Operations Leadership Development Program (OLDP) Intern - Hartford, CT",CT - Hartford,Other,https://travelers.wd5.myworkdayjobs.com/External/job/CT---Hartford/Operations-Leadership-Development-Program--OLDP--Intern---Hartford--CT_R-52325,workday,2026-09-13,2026-09-13,2026-09-01,medium,False,False
Travelers,Human Resources Leadership Development Program Internship - Summer 2027,CT - Hartford,Other,https://travelers.wd5.myworkdayjobs.com/External/job/CT---Hartford/Human-Resources-Leadership-Development-Program-Internship---Summer-2027_R-52303,workday,2026-09-13,2026-09-13,2026-09-01,high,False,False
Travelers,Finance and Accounting Leadership Development Program (FALDP) Intern,CT - Hartford,Other,https://travelers.wd5.myworkdayjobs.com/External/job/CT---Hartford/Finance-and-Accounting-Leadership-Development-Program--FALDP--Intern_R-52377,workday,2026-09-13,2026-09-13,2026-09-02,medium,False,False
Travelers,Business Insights & Analytics Intern - BI&A LDP,"Hartford, CT; St Paul, MN",Statistics / Analytics,https://travelers.wd5.myworkdayjobs.com/External/job/CT---Hartford/Business-Insights---Analytics-Leadership-Development-Program--BI-A-LDP--Intern_R-52304,github,2026-09-13,2026-09-15,,medium,True,True
Travelers,Actuarial Leadership Development Program (ALDP) Intern,CT - Hartford; MN - St. Paul,AI / Machine Learning,https://travelers.wd5.myworkdayjobs.com/External/job/CT---Hartford/Actuarial-Leadership-Development-Program--ALDP--Intern_R-52299,workday,2026-09-13,2026-09-15,2026-08-30,medium,False,True
Thermo Fisher Scientific,2027 FLDP Finance Intern,"Waltham, Massachusetts, USA",Other,https://thermofisher.wd5.myworkdayjobs.com/ThermoFisherCareers/job/Waltham-Massachusetts-USA/FLDP-Finance-Intern_R-01361452,workday,2026-09-13,2026-09-13,2026-09-08,medium,False,True
The Hartford,Tech & Data Program Summer 2027 – Data Engineer Intern (Hartford),"Hartford, CT",Software Engineering,https://thehartford.wd5.myworkdayjobs.com/Careers_External/job/Hartford-CT/Tech---Data-Program-Summer-2027---Data-Engineer-Intern--Hartford-_R2626103-1,workday,2026-09-13,2026-09-15,2026-08-27,high,True,True
The Hartford,Tech & Data Program Summer 2027 - Software Engineer Intern (Hartford),"Hartford, CT",Software Engineering,https://thehartford.wd5.myworkdayjobs.com/Careers_External/job/Hartford-CT/Tech---Data-Program-Summer-2027---Software-Engineer-Intern--Hartford-_R2626105-1,workday,2026-09-13,2026-09-15,2026-08-27,high,True,True
Textron,Software Engineer Intern,"Waterboro, ME",Software Engineering,https://textron.taleo.net/careersection/textron/jobdetail.ftl?job=342550,github,2026-09-13,2026-09-15,,medium,True,True
TJX,IT Engineer Internship - Summer 2027,"Marlborough, MA 01752",Hardware / Engineering,https://tjx.wd1.myworkdayjobs.com/tjx_external/job/Marlborough-MA-01752/IT-Engineer-Internship---Summer-2027_REQ153160,workday,2026-09-13,2026-09-15,2026-09-04,high,True,True
TJX,IT Analyst Internship - Summer 2027,"Marlborough, MA 01752",General Technology,https://tjx.wd1.myworkdayjobs.com/tjx_external/job/Marlborough-MA-01752/IT-Analyst-Internship---Summer-2027_REQ153172,workday,2026-09-13,2026-09-15,2026-09-04,high,False,True
Specter Aerospace,Full Stack Developer Co-op,"Boston, MA; Peabody, MA",Software Engineering,https://specteraerospace.bamboohr.com/careers/122,github,2026-09-13,2026-09-15,,medium,True,True
Secretariat,"Intern, Engineering Sciences (Summer 2027)","Downtown Boston, MA",Hardware / Engineering,https://job-boards.greenhouse.io/secretariatadvisorsllc/jobs/4399032009,greenhouse,2026-09-13,2026-09-15,,high,False,True
S&P Global,Software Engineer - Summer Intern 2027,"Cambridge, MA; New York, NY",Software Engineering,https://spgi.wd5.myworkdayjobs.com/SPGI_Careers/job/Cambridge-MA/Software-Engineer---Summer-Intern-2027_331717-2,workday,2026-09-13,2026-09-15,2026-09-09,high,True,True
S&P Global,Machine Learning Engineer - Summer Intern 2027,"Cambridge, MA; New York, NY",AI / Machine Learning,https://spgi.wd5.myworkdayjobs.com/SPGI_Careers/job/Cambridge-MA/Machine-Learning-Engineer---Summer-Intern-2027_331714-1,workday,2026-09-13,2026-09-15,2026-09-09,high,True,True
Raytheon,Software Development Intern 🇺🇸,"Tewksbury, MA",Software Engineering,https://globalhr.wd5.myworkdayjobs.com/Private_Posting_No_TMP/job/US-MA-TEWKSBURY-TB3--50-Apple-Hill-Dr--CONCORD-BLDG-Tewksbury-Tb3-300-Concord/Software-Development-Intern--Summer-2027-_01865635,github,2026-09-13,2026-09-15,,medium,False,True
RTX,Summer Intern (Remote),US-CT-REMOTE,Other,https://globalhr.wd5.myworkdayjobs.com/rec_rtx_ext_gateway/job/US-CT-REMOTE/Summer-Intern--Remote-_01873096,workday,2026-09-13,2026-09-13,2026-09-09,medium,False,False
RTX,Structures Intern (Summer 2027) (Onsite),"US-ME-NORTH BERWICK-113 ~ 113 Wells St ~ WELLS, Rte 9",Other,https://globalhr.wd5.myworkdayjobs.com/rec_rtx_ext_gateway/job/US-ME-NORTH-BERWICK-113--113-Wells-St--WELLS-Rte-9/Structures-Intern--Summer-2027---Onsite-_01872690,workday,2026-09-13,2026-09-13,2026-09-09,high,False,False
RTX,"Receiver, Exciter & Processing Architecture Electrical Engineer Intern (Summer 2027)",US-MA-TEWKSBURY-TB1 ~ 50 Apple Hill Dr ~ ASSABET BLDG,Hardware / Engineering,https://globalhr.wd5.myworkdayjobs.com/rec_rtx_ext_gateway/job/US-MA-TEWKSBURY-TB1--50-Apple-Hill-Dr--ASSABET-BLDG/Receiver--Exciter---Processing-Architecture-Electrical-Engineer-Intern--Summer-2027-_01873437,workday,2026-09-13,2026-09-15,2026-09-09,high,False,True
RTX,RF/Microwave Engineering Intern (Summer 2027),US-MA-ANDOVER-AR1 ~ 358 Lowell St ~ AR1 DUKES BLDG,Hardware / Engineering,https://globalhr.wd5.myworkdayjobs.com/rec_rtx_ext_gateway/job/US-MA-ANDOVER-AR1--358-Lowell-St--AR1-DUKES-BLDG/RF-Microwave-Engineering-Intern--Summer-2027-_01872893,workday,2026-09-13,2026-09-15,2026-09-08,high,False,True
RTX,Materials Management & Logistics Internship Program (Summer 2027),US-CT-EAST HARTFORD-ETC ~ 400 Main St ~ BLDG ETC,Other,https://globalhr.wd5.myworkdayjobs.com/rec_rtx_ext_gateway/job/US-CT-EAST-HARTFORD-ETC--400-Main-St--BLDG-ETC/Materials-Management---Logistics-Internship-Program--Summer-2027-_01862953-1,workday,2026-09-13,2026-09-13,2026-08-31,high,False,False
RTX,Intern: Quality Engineering (Summer 2027),US-CT-EAST HARTFORD-ETC ~ 400 Main St ~ BLDG ETC,Hardware / Engineering,https://globalhr.wd5.myworkdayjobs.com/rec_rtx_ext_gateway/job/US-CT-EAST-HARTFORD-ETC--400-Main-St--BLDG-ETC/Intern--Quality-Engineering--Summer-2027-_01868898,workday,2026-09-13,2026-09-15,2026-09-09,high,False,True
RTX,Intern: Quality Core Lab (Summer 2027),US-CT-EAST HARTFORD-ETC ~ 400 Main St ~ BLDG ETC,Other,https://globalhr.wd5.myworkdayjobs.com/rec_rtx_ext_gateway/job/US-CT-EAST-HARTFORD-ETC--400-Main-St--BLDG-ETC/Intern--Quality-Core-Lab--Summer-2027-_01868899,workday,2026-09-13,2026-09-13,2026-09-09,high,False,False
RTX,Intern: Manufacturing Engineering (Summer 2027),US-CT-EAST HARTFORD-J ~ 400 Main St ~ BLDG J,Hardware / Engineering,https://globalhr.wd5.myworkdayjobs.com/rec_rtx_ext_gateway/job/US-CT-EAST-HARTFORD-J--400-Main-St--BLDG-J/Intern--Manufacturing-Engineering--Summer-2027-_01869903,workday,2026-09-13,2026-09-15,2026-09-09,high,False,True
RTX,Intern: Industrial Engineering (Summer 2027),US-CT-EAST HARTFORD-J ~ 400 Main St ~ BLDG J,Hardware / Engineering,https://globalhr.wd5.myworkdayjobs.com/rec_rtx_ext_gateway/job/US-CT-EAST-HARTFORD-J--400-Main-St--BLDG-J/Intern--Industrial-Engineering--Summer-2027-_01868424-1,workday,2026-09-13,2026-09-15,2026-09-09,high,False,True
RTX,Intern: Commercial Engines Production Chief Organization (Summer 2027),US-CT-EAST HARTFORD-OBG ~ 400 Main St ~ BLDG OBG,Software Engineering,https://globalhr.wd5.myworkdayjobs.com/rec_rtx_ext_gateway/job/US-CT-EAST-HARTFORD-OBG--400-Main-St--BLDG-OBG/Intern--Commercial-Engines-Production-Chief-Organization--Summer-2027-_01865852,workday,2026-09-13,2026-09-14,2026-08-31,high,False,True
RTX,Commercial Structures Intern (Summer 2027)(Onsite),US-CT-EAST HARTFORD-L ~ 400 Main St ~ BLDG L,Other,https://globalhr.wd5.myworkdayjobs.com/rec_rtx_ext_gateway/job/US-CT-EAST-HARTFORD-L--400-Main-St--BLDG-L/Commercial-Structures-Intern--Summer-2027--Onsite-_01871999,workday,2026-09-13,2026-09-13,2026-09-10,high,False,False
RTX,Commercial Engines Business Intern (Summer 2027),US-CT-EAST HARTFORD-OBG ~ 400 Main St ~ BLDG OBG,Statistics / Analytics,https://globalhr.wd5.myworkdayjobs.com/rec_rtx_ext_gateway/job/US-CT-EAST-HARTFORD-OBG--400-Main-St--BLDG-OBG/Commercial-Engines-Business-Intern--Summer-2027-_01873413,workday,2026-09-13,2026-09-13,2026-09-13,high,False,False
RTX,Antenna and Microwave Intern (Summer 2027),US-MA-TEWKSBURY-TB1 ~ 50 Apple Hill Dr ~ ASSABET BLDG,Other,https://globalhr.wd5.myworkdayjobs.com/rec_rtx_ext_gateway/job/US-MA-TEWKSBURY-TB1--50-Apple-Hill-Dr--ASSABET-BLDG/Antenna-and-Microwave-Intern--Summer-2027-_01873423,workday,2026-09-13,2026-09-13,2026-09-09,high,False,False
RTX,Advanced Measurement Str Data Recording Summer Intern (Onsite),US-CT-MIDDLETOWN-220A ~ Aircraft Rd ~ BLDG 220A,Software Engineering,https://globalhr.wd5.myworkdayjobs.com/rec_rtx_ext_gateway/job/US-CT-MIDDLETOWN-220A--Aircraft-Rd--BLDG-220A/Advanced-Measurement-Str-Data-Recording-Summer-Intern--Onsite-_01872890,workday,2026-09-13,2026-09-15,2026-09-10,medium,False,True
PricewaterhouseCoopers (PwC),Market Information and Data Analytics Intern - Multiple Teams,"Boston, MA; Tampa, FL; Rosemont, IL; NYC",Statistics / Analytics,https://pwc.wd3.myworkdayjobs.com/US_Entry_Level_Careers/job/IL-Rosemont/Market-Information-and-Data-Analytics--MIDA----Data-Quality----Intern---Summer-2027_757081WD,github,2026-09-13,2026-09-15,,medium,True,True
PricewaterhouseCoopers (PwC),Diligence Analytics Intern - Deals,"Boston, MA; Seattle, WA; Houston, TX; Washington, DC; SF; LA; Dallas, TX; Philadelphia, PA; Rosemont, IL; Chicago, IL; Silicon Valley, CA; NYC; Minneapolis, MN; Atlanta, GA",Statistics / Analytics,https://pwc.wd3.myworkdayjobs.com/US_Entry_Level_Careers/job/IL-Rosemont/Deals---Diligence-Analytics-Intern---Summer-2027_757227WD,github,2026-09-13,2026-09-15,,medium,True,True
PricewaterhouseCoopers (PwC),Deals Analytics Intern - DTDS,"Boston, MA; Seattle, WA; Houston, TX; Washington, DC; SF; LA; Dallas, TX; Philadelphia, PA; Rosemont, IL; Chicago, IL; Silicon Valley, CA; NYC; Minneapolis, MN; Atlanta, GA",Statistics / Analytics,https://pwc.wd3.myworkdayjobs.com/US_Entry_Level_Careers/job/IL-Rosemont/Deals---DTDS---Analytics-Intern---Summer-2027_757228WD,github,2026-09-13,2026-09-15,,medium,True,True
PricewaterhouseCoopers (PwC),Contracts Intern - Deals - Summer 2027,"Boston, MA; Seattle, WA; Houston, TX; Washington, DC; SF; LA; Dallas, TX; Philadelphia, PA; Rosemont, IL; Chicago, IL; Silicon Valley, CA; NYC; Minneapolis, MN; Atlanta, GA",Other,https://pwc.wd3.myworkdayjobs.com/US_Entry_Level_Careers/job/IL-Rosemont/Deals---DTDS---Contracts-Intern---Summer-2027_757235WD,github,2026-09-13,2026-09-13,,high,True,False
Merck,Optical Imaging Data Science Intern,"Boston, MA",Data Science,https://msd.wd5.myworkdayjobs.com/searchjobs/job/USA---Massachusetts---Boston-MA-Parcel-B-Laboratory/XMLNAME-2027-Future-Talent-Program---Optical-Imaging-Data-Science-Intern---Intern_R412885,github,2026-09-13,2026-09-15,,medium,True,True
Merck,Data Scientist Intern - Nonclinical Drug Safety,"Boston, MA",Data Science,https://msd.wd5.myworkdayjobs.com/searchjobs/job/USA---Massachusetts---Boston-MA-Parcel-B-Laboratory/XMLNAME-2027-Future-Talent-Program---Nonclinical-Drug-Safety-Data-Scientist---Intern_R412861,github,2026-09-13,2026-09-15,,medium,True,True
Merck,2027 Future Talent Program – Modeling & Informatics - Intern,USA - New Jersey - Rahway; USA - Massachusetts - Boston (MA Parcel B Laboratory); USA - California - South San Francisco (Gateway Blvd); USA - Pennsylvania - West Point,AI / Machine Learning,https://msd.wd5.myworkdayjobs.com/searchjobs/job/USA---New-Jersey---Rahway/XMLNAME-2027-Future-Talent-Program---Modeling---Informatics---Intern_R416278,workday,2026-09-13,2026-09-15,2026-09-09,high,False,True
Merck,2027 Future Talent Program – Cellular Pharmacology – Intern,USA - Massachusetts - Boston (MA Parcel B Laboratory),Data Science,https://msd.wd5.myworkdayjobs.com/searchjobs/job/USA---Massachusetts---Boston-MA-Parcel-B-Laboratory/XMLNAME-2027-Future-Talent-Program---Cellular-Pharmacology---Intern_R412706,workday,2026-09-13,2026-09-15,2026-09-08,high,False,True
Merck,2027 Future Talent Program - Epidemiology and RWE Capabilities & Analytics - Intern,USA - Pennsylvania - West Point; USA - Massachusetts - Boston (MA Parcel B Laboratory); USA - Pennsylvania - Upper Gwynedd; USA - New Jersey - Rahway,Statistics / Analytics,https://msd.wd5.myworkdayjobs.com/searchjobs/job/USA---Pennsylvania---West-Point/XMLNAME-2027-Future-Talent-Program---Epidemiology-and-RWE-Capabilities---Analytics---Intern_R413163,workday,2026-09-13,2026-09-15,2026-09-08,high,False,True
Merck,2027 Future Talent Program - Discovery Chemistry & Process Research - Intern,USA - New Jersey - Rahway; USA - Massachusetts - Boston (MA Parcel B Laboratory); USA - Pennsylvania - West Point; USA - California - South San Francisco (Grand Ave),Scientific Computing / Research,https://msd.wd5.myworkdayjobs.com/searchjobs/job/USA---New-Jersey---Rahway/XMLNAME-2027-Future-Talent-Program---Discovery-Chemistry---Process-Research---Intern_R414395,workday,2026-09-13,2026-09-15,2026-09-08,high,False,True
Merck,2027 Future Talent Program - Discovery Biologics - Intern,USA - California - South San Francisco (Grand Ave); USA - Massachusetts - Boston (MA Parcel B Laboratory); USA - Massachusetts - Cambridge (320 Bent Street),AI / Machine Learning,https://msd.wd5.myworkdayjobs.com/searchjobs/job/USA---California---South-San-Francisco-Grand-Ave/XMLNAME-2027-Future-Talent-Program---Discovery-Biologics---Intern_R412152,workday,2026-09-13,2026-09-15,2026-09-08,high,False,True
Merck,2027 Future Talent Program - Chemical Biology - Intern,USA - Massachusetts - Cambridge (320 Bent Street),Statistics / Analytics,https://msd.wd5.myworkdayjobs.com/searchjobs/job/USA---Massachusetts---Cambridge-320-Bent-Street/XMLNAME-2027-Future-Talent-Program---Chemical-Biology---Intern_R413252,workday,2026-09-13,2026-09-15,2026-09-08,high,False,True
Medtronic,Software Engineer Intern,"Boston, MA; Santa Ana, CA; Fridley, MN; Santa Rosa, CA; Irvine, CA; Mansfield, MA; Mounds View, MN; Tempe, AZ; Memphis, TN; Brooklyn Center, MN; Plymouth, MN; Brooklyn Park, MN; Fort Worth, TX; Dexter, MI; North Haven, CT; Lafayette, CO; Minneapolis, MN; Newton, MA; Jacksonville, FL; Eatontown, NJ; Boulder, CO",Software Engineering,https://medtronic.wd1.myworkdayjobs.com/redeploymentmedtroniccareers/job/Fridley-Minnesota-United-States-of-America/Software-Engineering-Intern---Summer-2027_R73630,github,2026-09-13,2026-09-15,,medium,True,True
Marvell,"Test Solutions Engineering Intern, BS - Summer 2027","Burlington, VT",Hardware / Engineering,https://marvell.wd1.myworkdayjobs.com/MarvellCareers/job/Burlington-VT/Test-Solutions-Engineering-Intern--BS---Summer-2027_2603835,workday,2026-09-13,2026-09-15,2026-09-09,high,True,True
Marvell,"Physical Design Engineer Intern, MS - Summer 2027","Santa Clara, CA; Austin, TX; Morrisville, NC; Rochester, MN; Burlington, VT; Westborough, MA; Boise, ID",Hardware / Engineering,https://marvell.wd1.myworkdayjobs.com/MarvellCareers/job/Santa-Clara-CA/Physical-Design-Engineer-Intern--MS---Summer-2027_2604518-1,workday,2026-09-13,2026-09-15,2026-09-04,high,False,True
Marvell,"Physical Design Engineer Intern, BS - Summer 2027","Santa Clara, CA; Austin, TX; Morrisville, NC; Rochester, MN; Burlington, VT; Westborough, MA; Boise, ID",Hardware / Engineering,https://marvell.wd1.myworkdayjobs.com/MarvellCareers/job/Santa-Clara-CA/Physical-Design-Engineer-Intern--BS---Summer-2027_2604517-1,workday,2026-09-13,2026-09-15,2026-09-04,high,False,True
Marvell,Physical Design Engineer Intern - MS - Multiple Teams 🎓,"Morrisville, NC; Austin, TX; Rochester, MN; Santa Clara, CA; Boise, ID; Burlington, VT; Westborough, MA",Hardware / Engineering,https://marvell.wd1.myworkdayjobs.com/MarvellCareers2/job/Santa-Clara-CA/Physical-Design-Engineer-Intern--MS---Summer-2027_2604518,github,2026-09-13,2026-09-15,,medium,True,True
Marvell,Physical Design Engineer Intern - BS,"Morrisville, NC; Austin, TX; Rochester, MN; Santa Clara, CA; Boise, ID; Burlington, VT; Westborough, MA",Hardware / Engineering,https://marvell.wd1.myworkdayjobs.com/MarvellCareers2/job/Santa-Clara-CA/Physical-Design-Engineer-Intern--BS---Summer-2027_2604517,github,2026-09-13,2026-09-15,,medium,True,True
Marvell,"Functional Validation Intern, BS - Summer 2027","Westborough, MA; Boise, ID; Santa Clara, CA",Hardware / Engineering,https://marvell.wd1.myworkdayjobs.com/MarvellCareers/job/Westborough-MA/Functional-Validation-Intern--BS---Summer-2027_2604514-1,workday,2026-09-13,2026-09-15,2026-09-04,high,True,True
Marvell,"Design for Test Intern, BS - Summer 2027","Morrisville, NC; Westborough, MA; Boise, ID; Santa Clara, CA",Hardware / Engineering,https://marvell.wd1.myworkdayjobs.com/MarvellCareers/job/Morrisville-NC/Design-for-Test-Intern--BS---Summer-2027_2604511,workday,2026-09-13,2026-09-15,2026-09-04,high,False,True
Marvell,Design for Test Intern,"Morrisville, NC; Santa Clara, CA; Boise, ID; Westborough, MA",Hardware / Engineering,https://marvell.wd1.myworkdayjobs.com/MarvellCareers2/job/Morrisville-NC/Design-for-Test-Intern--BS---Summer-2027_2604511-1,github,2026-09-13,2026-09-15,,medium,True,True
Marvell,"Design Verification Intern, MS - Summer 2027","Santa Clara, CA; Austin, TX; Westborough, MA; Boise, ID; Morrisville, NC",Hardware / Engineering,https://marvell.wd1.myworkdayjobs.com/MarvellCareers/job/Santa-Clara-CA/Design-Verification-Intern--MS---Summer-2027_2604506-1,workday,2026-09-13,2026-09-15,2026-09-04,high,True,True
Marvell,"Design Verification Intern, BS - Summer 2027","Santa Clara, CA; Austin, TX; Westborough, MA; Boise, ID; Morrisville, NC",Hardware / Engineering,https://marvell.wd1.myworkdayjobs.com/MarvellCareers/job/Santa-Clara-CA/Design-Verification-Intern--BS---Summer-2027_2604505-1,workday,2026-09-13,2026-09-15,2026-09-04,high,True,True
Marvell,Design Verification Intern - BS - Summer 2027,"Morrisville, NC; Austin, TX; Santa Clara, CA; Boise, ID; Westborough, MA",Hardware / Engineering,https://marvell.wd1.myworkdayjobs.com/MarvellCareers2/job/Santa-Clara-CA/Design-Verification-Intern--BS---Summer-2027_2604505,github,2026-09-13,2026-09-15,,high,True,True
Marvell,"Analog Design Intern, MS - Summer 2027","Santa Clara, CA; Burlington, VT",Hardware / Engineering,https://marvell.wd1.myworkdayjobs.com/MarvellCareers/job/Santa-Clara-CA/Analog-Design-Intern--MS---Summer-2027_2604510-1,workday,2026-09-13,2026-09-15,2026-09-14,high,True,True
Marvell,Analog Design Intern 🎓,"Santa Clara, CA; Burlington, VT",Hardware / Engineering,https://marvell.wd1.myworkdayjobs.com/MarvellCareers2/job/Santa-Clara-CA/Analog-Design-Intern--MS---Summer-2027_2604510,github,2026-09-13,2026-09-15,,medium,True,True
Marvell,"Advanced Packaging Intern, MS - Summer 2027","Santa Clara, CA; Chandler, AZ; Austin, TX; Burlington, VT; Westborough, MA; Westlake Village, CA",Hardware / Engineering,https://marvell.wd1.myworkdayjobs.com/MarvellCareers/job/Santa-Clara-CA/Advanced-Packaging-Intern--MS---Summer-2027_2604519-1,workday,2026-09-13,2026-09-15,2026-09-05,high,False,True
Marvell,"Advanced Packaging Intern, BS - Summer 2027","Burlington, VT",Hardware / Engineering,https://marvell.wd1.myworkdayjobs.com/MarvellCareers/job/Burlington-VT/Advanced-Packaging-Intern--BS---Summer-2027_2604156-1,workday,2026-09-13,2026-09-15,2026-09-08,high,True,True
Marvell,Advanced Packaging Intern 🎓,"Austin, TX; Santa Clara, CA; Westlake Village, CA; Burlington, VT; Chandler, AZ; Westborough, MA",Hardware / Engineering,https://marvell.wd1.myworkdayjobs.com/MarvellCareers2/job/Santa-Clara-CA/Advanced-Packaging-Intern--MS---Summer-2027_2604519,github,2026-09-13,2026-09-15,,medium,True,True
Manulife Financial,Summer Intern 2027 - Software Engineering,"Boston, Massachusetts",Software Engineering,https://manulife.wd3.myworkdayjobs.com/MFCJH_Jobs/job/Boston-Massachusetts/Summer-Intern-2027---Software-Engineering_JR26081680,workday,2026-09-13,2026-09-15,2026-08-27,high,True,True
Manulife Financial,Summer Intern 2027 - Operations Analyst,"Boston, Massachusetts",AI / Machine Learning,https://manulife.wd3.myworkdayjobs.com/MFCJH_Jobs/job/Boston-Massachusetts/Summer-Intern-2027---Operations-Analyst_JR26081571,workday,2026-09-13,2026-09-15,2026-08-28,high,False,True
Manulife Financial,Summer Intern 2027 - Data Engineering,"Boston, Massachusetts",Software Engineering,https://manulife.wd3.myworkdayjobs.com/MFCJH_Jobs/job/Boston-Massachusetts/Summer-Intern-2027---Data-Engineering_JR26081679,workday,2026-09-13,2026-09-15,2026-08-27,high,False,True
Manulife Financial,Summer Intern 2027 - Business Technology,"Boston, Massachusetts",General Technology,https://manulife.wd3.myworkdayjobs.com/MFCJH_Jobs/job/Boston-Massachusetts/Summer-Intern-2027---Business-Technology_JR26081681,workday,2026-09-13,2026-09-15,2026-08-27,high,False,True
Manulife Financial,Summer Intern 2027 - AI,"Boston, Massachusetts",AI / Machine Learning,https://manulife.wd3.myworkdayjobs.com/MFCJH_Jobs/job/Boston-Massachusetts/Summer-Intern-2027---AI_JR26081682,workday,2026-09-13,2026-09-15,2026-08-27,high,True,True
MKS Instruments,Business Intelligence/Data Analytics Intern,"Andover, MA",Statistics / Analytics,https://mksinst.wd1.myworkdayjobs.com/MKSCareersUniversity/job/Andover-MA/XMLNAME-2027-Summer-BI-Data-Analytics-IT-Intern_R20657,github,2026-09-13,2026-09-13,,medium,True,False
MIT Lincoln Laboratory,Optical & Quantum Communications Intern (Summer 2027) - Group 67,"Lexington, MA, US",Other,https://careers.ll.mit.edu/job/Lexington-Optical-&-Quantum-Communications-Intern-%28Summer-2027%29-Group-67-MA-02420/1421248300,generic,2026-09-13,2026-09-13,,high,False,False
MIT Lincoln Laboratory,Laser Communications Intern (Summer 2027) - Group 66,"Lexington, MA, US",Other,https://careers.ll.mit.edu/job/Lexington-Laser-Communications-Intern-%28Summer-2027%29-Group-66-MA-02420/1425055300,generic,2026-09-13,2026-09-13,,high,False,False
MIT Lincoln Laboratory,Airborne Radar Systems and Techniques Intern (Summer 2027) - Group 105,"Lexington, MA, US",General Technology,https://careers.ll.mit.edu/job/Lexington-Airborne-Radar-Systems-and-Techniques-Intern-%28Summer-2027%29-Group-105-MA-02420/1410581200,generic,2026-09-13,2026-09-15,,high,False,True
Lexington Medical,Mechanical Engineering Intern,"Bedford, MA",Hardware / Engineering,https://job-boards.greenhouse.io/lexingtonmedical/jobs/5400185008,greenhouse,2026-09-13,2026-09-15,,high,False,True
Lexington Medical,Electrical/Embedded Software Engineer Intern,"Bedford, MA",Software Engineering,https://job-boards.greenhouse.io/lexingtonmedical/jobs/5400236008,greenhouse,2026-09-13,2026-09-15,,high,True,True
Klaviyo,Software Engineer Intern (Summer 2027),"Boston, MA",Software Engineering,https://job-boards.greenhouse.io/klaviyocampus/jobs/7989364003,greenhouse,2026-09-13,2026-09-15,,high,True,True
Kensho,Software Engineer - Summer Intern 2027,"Cambridge, MA; New York, NY",Software Engineering,https://spgi.wd5.myworkdayjobs.com/Kensho_Careers/job/Cambridge-MA/Software-Engineer---Summer-Intern-2027_331717-1,workday,2026-09-13,2026-09-15,2026-09-09,high,True,True
Kensho,Machine Learning Engineer - Summer Intern 2027,"Cambridge, MA; New York, NY",AI / Machine Learning,https://spgi.wd5.myworkdayjobs.com/Kensho_Careers/job/Cambridge-MA/Machine-Learning-Engineer---Summer-Intern-2027_331714,workday,2026-09-13,2026-09-15,2026-09-09,high,True,True
Insulet,Life Cycle Engineering Co-op - Electrical,"Acton, MA",Hardware / Engineering,https://insulet.wd5.myworkdayjobs.com/insuletcareers/job/Acton-Massachusetts/Co-op--Life-Cycle-Engineering---Electrical--January---June-2027--Hybrid-_REQ-2026-18043,github,2026-09-13,2026-09-15,,medium,True,True
IAT Insurance Group,Network Operations Internship,Cheshire CT,Statistics / Analytics,https://iatinsurancegroup.wd1.myworkdayjobs.com/iat/job/Cheshire-CT/Network-Operations-Internship_JR100371,workday,2026-09-13,2026-09-15,2026-09-01,high,False,True
HyperLight,Software Engineer Intern,"Cambridge, MA",Software Engineering,https://apply.workable.com/hyperlight/j/5581EA0668,github,2026-09-13,2026-09-15,,medium,False,True
HPR (Hyannis Port Research),Software Engineering Intern - Summer 2027,"Needham, MA",Software Engineering,https://job-boards.greenhouse.io/hyannisportresearch/jobs/7822989003,greenhouse,2026-09-13,2026-09-15,,high,True,True
HPR (Hyannis Port Research),FPGA Engineering Intern - Summer 2027,"Needham, MA",Hardware / Engineering,https://job-boards.greenhouse.io/hyannisportresearch/jobs/7822801003,greenhouse,2026-09-13,2026-09-15,,high,True,True
Google,Software Engineering Intern,"Mountain View, CA; Atlanta, GA; Austin, TX; Boulder, CO; Cambridge, MA; Bellevue, WA; Chicago, IL; Houston, TX; Irvine, CA; Kirkland, WA; Los Angeles, CA; Madison, WI; New York, NY; Palo Alto, CA; Portland, OR; Pittsburgh, PA; Raleigh, NC; Durham, NC; Reston, VA; Redmond, WA; Redwood City, CA; San Diego, CA; Goleta, CA; San Bruno, CA; Seattle, WA; San Francisco, CA; San Jose, CA; Santa Cruz, CA; South San Francisco, CA; Sunnyvale, CA",Software Engineering,https://www.google.com/about/careers/applications/jobs/results/85564713261245126-software-engineering-intern-bs-summer-2027,github,2026-09-13,2026-09-15,,medium,False,True
Google,Software Engineer Intern - Multiple Teams,"Palo Alto, CA; Cambridge, MA; Madison, WI; Seattle, WA; Houston, TX; SF; Austin, TX; LA; San Jose, CA; Irvine, CA; South SF; Redwood City, CA; Raleigh, NC; San Bruno, CA; Redmond, WA; Durham, NC; Santa Cruz, CA; Chicago, IL; Goleta, CA; Pittsburgh, PA; Kirkland, WA; Reston, VA; NYC; Bellevue, WA; Sunnyvale, CA; Mountain View, CA; Portland, OR; Boulder, CO; Atlanta, GA; San Diego, CA",Software Engineering,https://www.google.com/about/careers/applications/jobs/results/94172495052972742,github,2026-09-13,2026-09-15,,medium,True,True
Google,Software Engineer Intern - Multiple Teams,"Palo Alto, CA; Cambridge, MA; Madison, WI; Seattle, WA; Houston, TX; SF; Austin, TX; LA; San Jose, CA; Irvine, CA; South SF; Redwood City, CA; Raleigh, NC; San Bruno, CA; Redmond, WA; Durham, NC; Santa Cruz, CA; Chicago, IL; Goleta, CA; Pittsburgh, PA; Kirkland, WA; Reston, VA; NYC; Bellevue, WA; Sunnyvale, CA; Mountain View, CA; Portland, OR; Boulder, CO; Atlanta, GA; San Diego, CA; Santa Barbara, CA",Software Engineering,https://www.google.com/about/careers/applications/jobs/results/100648618540573382,github,2026-09-13,2026-09-15,,medium,True,True
Google,Research Intern - PhD 🎓,"Palo Alto, CA; Cambridge, MA; Madison, WI; Seattle, WA; Washington, DC; SF; Austin, TX; LA; San Jose, CA; Irvine, CA; Redwood City, CA; Raleigh, NC; San Bruno, CA; Redmond, WA; Durham, NC; Santa Cruz, CA; Chicago, IL; Goleta, CA; Pittsburgh, PA; Kirkland, WA; NYC; Bellevue, WA; Sunnyvale, CA; Mountain View, CA; Portland, OR; Boulder, CO; Atlanta, GA; San Diego, CA",Scientific Computing / Research,https://www.google.com/about/careers/applications/jobs/results/86701057991680710,github,2026-09-13,2026-09-15,,medium,True,True
GlobalFoundries,"US Advanced Manufacturing Equipment Engineering Intern, Sophomore (Summer 2027)",USA - Vermont - Essex Junction,Hardware / Engineering,https://globalfoundries.wd1.myworkdayjobs.com/External/job/USA---Vermont---Essex-Junction/US-Advanced-Manufacturing-Equipment-Engineering-Intern--Sophomore--Summer-2027-_JR-2604648,workday,2026-09-13,2026-09-15,2026-08-27,high,False,True
GlobalFoundries,"US Advanced Manufacturing Equipment Engineering Intern, Junior (Summer 2027)",USA - Vermont - Essex Junction,Hardware / Engineering,https://globalfoundries.wd1.myworkdayjobs.com/External/job/USA---Vermont---Essex-Junction/US-Advanced-Manufacturing-Equipment-Engineering-Intern--Junior--Summer-2027-_JR-2604666,workday,2026-09-13,2026-09-15,2026-08-14,high,False,True
GlobalFoundries,SiGe HBT Device Modelling Intern (Summer 2027),USA - Vermont - Essex Junction,Hardware / Engineering,https://globalfoundries.wd1.myworkdayjobs.com/External/job/USA---Vermont---Essex-Junction/SiGe-HBT-Device-Modelling-Intern--Summer-2027-_JR-2604271,workday,2026-09-13,2026-09-15,2026-08-26,high,True,True
GlobalFoundries,"Facilities Engineering Intern, Electrical Distribution Systems (Summer 2027)",USA - Vermont - Essex Junction,Hardware / Engineering,https://globalfoundries.wd1.myworkdayjobs.com/External/job/USA---Vermont---Essex-Junction/Facilities-Engineering-Intern--Electrical-Distribution-Systems--Summer-2027-_JR-2604572,workday,2026-09-13,2026-09-15,2026-08-25,high,False,True
GlobalFoundries,"Advanced Manufacturing Process Engineering Intern, Sophomore (Summer 2027)",USA - Vermont - Essex Junction,Hardware / Engineering,https://globalfoundries.wd1.myworkdayjobs.com/External/job/USA---Vermont---Essex-Junction/Advanced-Manufacturing-Process-Engineering-Intern--Sophomore--Summer-2027-_JR-2604639,workday,2026-09-13,2026-09-15,2026-08-27,high,False,True
GlobalFoundries,"Advanced Manufacturing Process Engineering Intern, Junior (Summer 2027)",USA - Vermont - Essex Junction,Hardware / Engineering,https://globalfoundries.wd1.myworkdayjobs.com/External/job/USA---Vermont---Essex-Junction/Advanced-Manufacturing-Process-Engineering-Intern--Junior--Summer-2027-_JR-2604661,workday,2026-09-13,2026-09-15,2026-08-27,high,False,True
General Dynamics Mission Systems,Software Engineer Intern,"Pittsfield, MA",Software Engineering,https://careers-gdms.icims.com/jobs/74687/job?mobile=true&needsRedirect=false,github,2026-09-13,2026-09-15,,medium,True,True
General Dynamics Mission Systems,Payload Control System Software/Systems Engineering Intern - Summer 2027,"Middletown, RI; Manassas, VA",Software Engineering,https://careers-gdms.icims.com/jobs/74848/job?mobile=true&needsRedirect=false,github,2026-09-13,2026-09-15,,high,True,True
Gartner,Summer 2027 IT Intern (May 2028 Graduates),"Stamford, CT",General Technology,https://gartner.wd5.myworkdayjobs.com/EXT/job/Stamford-CT/Summer-2027-IT-Intern--May-2028-Graduates-_113095,workday,2026-09-13,2026-09-15,2026-08-13,high,False,True
GE Aerospace,Engines Engineering Intern - Computer or Software Engineering,"Lynn, MA; Evendale, OH",Software Engineering,https://geaerospace.wd5.myworkdayjobs.com/ge_externalsite/job/Evendale/Engines-Engineering-Intern---Computer-or-Software-Engineering---US---Summer-2027_R5029622-1,github,2026-09-13,2026-09-15,,medium,True,True
DraftKings,Software Engineer Intern (Summer 2027),"Boston, MA",Software Engineering,https://draftkings.wd1.myworkdayjobs.com/Campus_Career_Portal/job/Boston-MA/Software-Engineer-Intern--Summer-2027-_JR14929,workday,2026-09-13,2026-09-15,2026-08-31,high,True,True
DraftKings,Data Science Intern (Summer 2027),"Boston, MA",Data Science,https://draftkings.wd1.myworkdayjobs.com/Campus_Career_Portal/job/Boston-MA/Data-Science-Intern--Summer-2027-_JR14958,workday,2026-09-13,2026-09-15,2026-09-08,high,True,True
DraftKings,Data Science Intern,"Boston, MA",Data Science,https://draftkings.wd1.myworkdayjobs.com/Employee_Referral_Portal/job/Boston-MA/Data-Science-Intern-Referral--Summer-2027-_JR14960,github,2026-09-13,2026-09-15,,medium,True,True
DraftKings,Analyst Intern (Summer 2027),"Boston, MA",AI / Machine Learning,https://draftkings.wd1.myworkdayjobs.com/Campus_Career_Portal/job/Boston-MA/Analyst-Intern--Summer-2027-_JR14927,workday,2026-09-13,2026-09-15,2026-08-31,high,True,True
Datadog,Software Engineer Intern - Summer,"Boston, MA; NYC",Software Engineering,https://careers.datadoghq.com/detail/8052118?gh_jid=8052118,github,2026-09-13,2026-09-15,,medium,True,True
DTCC,Data Solutions Intern - Internship Program,"Boston, MA; Tampa, FL",Statistics / Analytics,https://ebxr.fa.us2.oraclecloud.com/hcmUI/CandidateExperience/en/sites/CX_1/job/214478,github,2026-09-13,2026-09-15,,medium,True,True
Cox,"Software Engineering Intern - Summer 2027 (Burlington, VT)",Burlington VT,Software Engineering,https://cox.wd1.myworkdayjobs.com/Cox_External_Career_Site_1/job/Burlington-VT/Software-Engineering-Intern---Summer-2027--Burlington--VT-_R202682172-1,workday,2026-09-13,2026-09-15,2026-09-10,high,False,True
Cox,"Product Management Intern - Summer 2027 (Burlington, VT)",Burlington VT,Product Management,https://cox.wd1.myworkdayjobs.com/Cox_External_Career_Site_1/job/Burlington-VT/Product-Management-Intern---Summer-2027--Burlington--VT-_R202682191,workday,2026-09-13,2026-09-15,2026-09-08,high,True,True
Citizens Financial Group,Software Engineer Intern,"Plano, TX; Johnston, RI; Phoenix, AZ",Software Engineering,https://hcgn.fa.us2.oraclecloud.com/hcmUI/CandidateExperience/en/sites/CX_1/job/49286,github,2026-09-13,2026-09-15,,medium,True,True
Citizens Financial Group,Data Science Intern - Multiple Teams,"Boston, MA; Johnston, RI; Columbus, OH",Data Science,https://hcgn.fa.us2.oraclecloud.com/hcmUI/CandidateExperience/en/sites/CX_1/job/49276,github,2026-09-13,2026-09-15,,medium,True,True
Citizens Financial Group,Data Management Intern - Multiple Teams,"Boston, MA; Johnston, RI; Columbus, OH",Statistics / Analytics,https://hcgn.fa.us2.oraclecloud.com/hcmUI/CandidateExperience/en/sites/CX_1/job/49277,github,2026-09-13,2026-09-15,,medium,True,True
Citizens Financial Group,Data Management Intern - Enterprise Data and Analytics 🎓,"Boston, MA; Johnston, RI; Columbus, OH",Statistics / Analytics,https://hcgn.fa.us2.oraclecloud.com/hcmUI/CandidateExperience/en/sites/CX_1/job/49281,github,2026-09-13,2026-09-15,,medium,True,True
Citizens Financial Group,Data Engineer Intern - Enterprise Technology & Security,"Plano, TX; Johnston, RI; Phoenix, AZ",Software Engineering,https://hcgn.fa.us2.oraclecloud.com/hcmUI/CandidateExperience/en/sites/CX_1/job/49285,github,2026-09-13,2026-09-15,,medium,True,True
Citizens Financial Group,Data Analyst Intern - Multiple Teams 🎓,"Boston, MA; Johnston, RI; Columbus, OH",Statistics / Analytics,https://hcgn.fa.us2.oraclecloud.com/hcmUI/CandidateExperience/en/sites/CX_1/job/49282,github,2026-09-13,2026-09-15,,medium,True,True
Citizens Financial Group,Business Insights Intern - Multiple Teams 🎓,"Boston, MA; Johnston, RI; Columbus, OH",Statistics / Analytics,https://hcgn.fa.us2.oraclecloud.com/hcmUI/CandidateExperience/en/sites/CX_1/job/49283,github,2026-09-13,2026-09-15,,medium,True,True
Citizens,Corporate Security & Resilience Summer 2027 Intern | Enterprise Technology & Security Summer Internship Program,"Johnston, RI, United States",Cybersecurity,https://jobs.citizensbank.com/job/johnston/corporate-security-and-resilience-summer-2027-intern-enterprise-technology-and-security-summer-inte/288/100486082672,generic,2026-09-13,2026-09-15,2026-9-11,high,False,True
Citadel,Software Engineer Intern,"New York, NY; Greenwich, CT; Miami, FL; Houston, TX",Software Engineering,https://www.citadel.com/careers/details/software-engineer-intern-us,github,2026-09-13,2026-09-15,,medium,False,True
Cigna Group,Software Engineering Intern - Technology Development Program - Software Engineering Track,"Bloomington, MN; Austin, TX; Morris Plains, NJ; St. Louis, MO; Bloomfield, CT",Software Engineering,https://cigna.wd5.myworkdayjobs.com/cignacareers/job/St-Louis-MO/The-Cigna-Group-s-Technology-Development-Program----Software-Engineering-Track-Summer-Internship_26009527,github,2026-09-13,2026-09-15,,medium,True,True
Cigna Group,Data & Analytics Engineering Intern - Technology Development Program,"Bloomington, MN; Morris Plains, NJ; St. Louis, MO; Bloomfield, CT",Statistics / Analytics,https://cigna.wd5.myworkdayjobs.com/cignacareers/job/Bloomfield-CT/The-Cigna-Group-s-Technology-Development-Program---Data---Analytics-Engineering-Track-Summer-Internship_26009533,github,2026-09-13,2026-09-15,,medium,True,True
Cigna Group,Analytics Leadership Development Program (ALDP) Summer Internship,"CT, Bloomfield, 900 Cottage Grove Rd Wilde Bldg",Statistics / Analytics,https://cigna.wd5.myworkdayjobs.com/cignacareers/job/CT-Bloomfield-900-Cottage-Grove-Rd-Wilde-Bldg/Analytics-Leadership-Development-Program--ALDP--Summer-Internship_26010711,workday,2026-09-13,2026-09-15,2026-09-08,high,True,True
Cigna Group,Actuarial Internship - Summer 2027,"Bloomfield, CT; Austin, TX; Philadelphia, PA; Franklin, TN; Denver, CO",AI / Machine Learning,https://cigna.wd5.myworkdayjobs.com/cignacareers/job/Bloomfield-CT/Actuarial-Internship---Summer-2027_26006087,workday,2026-09-13,2026-09-15,2026-08-05,high,False,True
Charles River Associates,(2028 Bachelor's/Master's graduates) Economics Consulting Analyst/Associate Intern (Summer 2027),"Boston, MA, United States; Chicago, IL, United States; New York, NY, United States; Oakland, CA, United States; Salt Lake City, UT, United States; Washington, DC, United States",Statistics / Analytics,https://job-boards.greenhouse.io/charlesriverassociates/jobs/8120300,greenhouse,2026-09-13,2026-09-15,,high,False,True
Charles River Associates,(2028 Bachelor's/Master's graduates) Cyber and Forensic Technology Consulting Analyst/Associate Intern (Summer 2027),"Boston, MA, United States; Chicago, IL, United States; Dallas, Texas, United States; Washington, DC, United States",Cybersecurity,https://job-boards.greenhouse.io/charlesriverassociates/jobs/8128811,greenhouse,2026-09-13,2026-09-15,,high,False,True
Castleton Commodities International,Full-Stack Software Engineer Intern,"Stamford, CT; Houston, TX",Software Engineering,https://osv-cci.wd1.myworkdayjobs.com/CCICareers/job/Stamford-CT/Full-Stack-Software-Engineer-Internship--Summer-2027-_R1350,github,2026-09-13,2026-09-15,,medium,False,True
Castleton Commodities International,Data Science Machine Learning Intern,"Stamford, CT; Houston, TX; New York City, NY",AI / Machine Learning,https://osv-cci.wd1.myworkdayjobs.com/CCICareers/job/Stamford-CT/Data-Science-Machine-Learning-Internship--Summer-2027-_R1344,github,2026-09-13,2026-09-15,,medium,False,True
Castleton Commodities International,Data Engineering Intern,"Stamford, CT; Houston, TX; New York City, NY",Software Engineering,https://osv-cci.wd1.myworkdayjobs.com/CCICareers/job/Stamford-CT/Data-Engineering-Internship--Summer-2027-_R1346,github,2026-09-13,2026-09-15,,medium,False,True
Capital One,Current PhD - Data Science Internship - Summer 2027,"McLean, VA; Cambridge, MA; Chicago, IL; Richmond, VA; Plano, TX; San Francisco,  CA; San Jose, CA; New York, NY",Data Science,https://capitalone.wd12.myworkdayjobs.com/Capital_One/job/McLean-VA/Current-PhD---Data-Science-Internship---Summer-2027_R244287-1,workday,2026-09-13,2026-09-15,2026-07-20,high,True,True
Capital One,Current Master's - Data Science Internship - Summer 2027,"McLean, VA; Cambridge, MA; Chicago, IL; Richmond, VA; Plano, TX; San Francisco,  CA; San Jose, CA; New York, NY",Data Science,https://capitalone.wd12.myworkdayjobs.com/Capital_One/job/McLean-VA/Current-Master-s---Data-Science-Internship---Summer-2027_R244285-1,workday,2026-09-13,2026-09-15,2026-07-20,high,True,True
CACI,Software Engineering Co-op - Summer & Fall 2027,"Danbury, CT, US",Software Engineering,https://caci.wd1.myworkdayjobs.com/external/job/Danbury-CT-US/Software-Engineering-Co-op---Summer---Fall-2027_331354,workday,2026-09-13,2026-09-15,2026-08-31,high,False,True
CACI,Software Engineering Co-op - Spring & Summer 2027,"Danbury, CT, US",Software Engineering,https://caci.wd1.myworkdayjobs.com/external/job/Danbury-CT-US/Software-Engineering-Co-op---Spring---Summer-2027_331356-1,workday,2026-09-13,2026-09-15,2026-08-31,high,True,True
CACI,Embedded Software Engineering Co-op - Spring 2027,"Danbury, CT, US",Software Engineering,https://caci.wd1.myworkdayjobs.com/external/job/Danbury-CT-US/Embedded-Software-Engineering-Co-op---Spring-2027_331368,workday,2026-09-13,2026-09-13,2026-09-01,low,False,False
CACI,Configuration Control/Data Management Co-op - Spring & Summer 2027,"Danbury, CT, US",Statistics / Analytics,https://caci.wd1.myworkdayjobs.com/external/job/Danbury-CT-US/Configuration-Control-Data-Management-Co-op---Spring---Summer-2027_331440,workday,2026-09-13,2026-09-15,2026-09-10,high,True,True
Burlington Stores,Sustainability Intern,"Burlington, VT",Other,https://burlington.wd5.myworkdayjobs.com/BurlingtonCareers/job/00000---Burlington-Corporate-Office/Sustainability-Intern---Summer-2027_R104521,github,2026-09-13,2026-09-13,,medium,True,False
BerryDunn,Summer 2027 Internship - Technology Assurance,"Portland, ME, US",General Technology,https://careers-berrydunn.icims.com/jobs/4021/summer-2027-internship---technology-assurance/job,generic,2026-09-13,2026-09-15,2024-09-15,high,False,True
BNY,Engineering Intern - Developer,"Greater Manchester, UK",Software Engineering,https://eofe.fa.us2.oraclecloud.com/hcmUI/CandidateExperience/en/sites/CX_1001/job/81318,github,2026-09-13,2026-09-15,,medium,True,True
BNY,Engineering Intern - Data Science,"Manchester, UK",Data Science,https://eofe.fa.us2.oraclecloud.com/hcmUI/CandidateExperience/en/sites/CX_1001/job/81322,github,2026-09-13,2026-09-15,,medium,True,True
Axon,Render ATL - Leadership Development Internship 2027,"Boston, Massachusetts, United States",AI / Machine Learning,https://job-boards.greenhouse.io/axontalentcommunity/jobs/7798168003,greenhouse,2026-09-13,2026-09-15,,medium,False,True
Axon,Embedded Engineer Intern,"Boston, MA; Seattle, WA",Hardware / Engineering,https://job-boards.greenhouse.io/axontalentcommunity/jobs/7800627003,github,2026-09-13,2026-09-15,,medium,True,True
Avangrid / Iberdrola,2027 Electrical Engineering Internship Program,"United States Of America, Connecticut, Orange; United States Of America, Maine, Portland; United States Of America, New York, Binghamton; United States Of America, Oregon, Portland; United States Of America, Maine, Augusta; United States Of America, New York, Rochester; United States Of America, Massachusetts, Boston",Hardware / Engineering,https://iberdrola.wd3.myworkdayjobs.com/Iberdrola/job/United-States-Of-America-Connecticut-Orange/XMLNAME-2027-Electrical-Engineering-Internship-Program_R-32708,workday,2026-09-13,2026-09-15,2026-08-28,medium,False,True
Arch Capital Group,Data and Analytics Intern,"Farmington, CT",Statistics / Analytics,https://archgroup.wd1.myworkdayjobs.com/careers/job/Farmington-CT-United-States-of-America/Data-and-Analytics-Intern_R26_845,github,2026-09-13,2026-09-15,,medium,True,True
Apple,GPU Intern - Multiple Teams,"London, UK; Cambridge, UK; St Albans, UK",Hardware / Engineering,https://jobs.apple.com/en-us/details/200682357,github,2026-09-13,2026-09-15,,medium,True,True
Apple,GPU Intern,"London, UK; Cambridge, UK; St Albans, UK",Hardware / Engineering,https://jobs.apple.com/en-us/details/200679650,github,2026-09-13,2026-09-15,,medium,True,True
Anduril,2027 Software Engineer Intern,"Atlanta, Georgia, United States; Boston, Massachusetts, United States; Broomfield, Colorado, United States; Colorado Springs, Colorado, United States; Costa Mesa, California, United States; Fort Collins, Colorado, United States; Irvine, California, United States; Reston, Virginia, United States; Seattle, Washington, United States",Software Engineering,https://job-boards.greenhouse.io/andurilindustries/jobs/5148079007?gh_jid=5148079007,greenhouse,2026-09-13,2026-09-15,,high,False,True
Anduril,2027 Mechanical Engineer Intern,"Atlanta, Georgia, United States; Boston, Massachusetts, United States; Broomfield, Colorado, United States; Colorado Springs, Colorado, United States; Costa Mesa, California, United States; Fort Collins, Colorado, United States; Irvine, California, United States; Reston, Virginia, United States; Seattle, Washington, United States",Hardware / Engineering,https://job-boards.greenhouse.io/andurilindustries/jobs/5153187007?gh_jid=5153187007,greenhouse,2026-09-13,2026-09-15,,high,False,True
Anduril,2027 Manufacturing Engineer Intern,"Atlanta, Georgia, United States; Boston, Massachusetts, United States; Broomfield, Colorado, United States; Colorado Springs, Colorado, United States; Costa Mesa, California, United States; Fort Collins, Colorado, United States; Irvine, California, United States; Seattle, Washington, United States",Hardware / Engineering,https://job-boards.greenhouse.io/andurilindustries/jobs/5153218007?gh_jid=5153218007,greenhouse,2026-09-13,2026-09-15,,high,False,True
Anduril,2027 Electrical Engineer Intern,"Atlanta, Georgia, United States; Boston, Massachusetts, United States; Broomfield, Colorado, United States; Colorado Springs, Colorado, United States; Costa Mesa, California, United States; Fort Collins, Colorado, United States; Irvine, California, United States; Reston, Virginia, United States; Seattle, Washington, United States",Hardware / Engineering,https://job-boards.greenhouse.io/andurilindustries/jobs/5148101007?gh_jid=5148101007,greenhouse,2026-09-13,2026-09-15,,high,False,True
Ameriprise Financial,Asset Management Technology Intern – Data Enablement,"Boston, Massachusetts",General Technology,https://ameriprise.wd5.myworkdayjobs.com/Ameriprise/job/Boston-Massachusetts/Asset-Management-Technology-Intern---Data-Enablement_R26_3538,workday,2026-09-13,2026-09-15,2026-09-02,high,True,True
Amazon,Software Development Engineer Intern - Robotics,"Seattle, WA; Nashville, TN; Austin, TX; North Reading, MA; Arlington County, Arlington, VA; Bellevue, WA; Westborough, MA",Software Engineering,https://amazon.jobs/en/jobs/10529525/software-development-engineer-intern-robotics-2027,github,2026-09-13,2026-09-15,,medium,True,True
Amazon,Robotics - Software Development Engineer Intern/Co-op,"Sunnyvale, CA; North Reading, MA; Westboro, MA; Nashville, TN; Austin, TX; Arlington, VA; Bellevue, WA; Seattle, WA",Software Engineering,https://www.amazon.jobs/en/jobs/3136266/robotics-software-development-engineer-intern-co-op-2026?no_int_redir=1,github,2026-09-13,2026-09-15,,medium,False,True
Adobe,2027 Intern - Software Engineer,San Jose; Waltham; San Francisco; Austin; Seattle; Lehi; New York,Software Engineering,https://adobe.wd5.myworkdayjobs.com/external_experienced/job/San-Jose/XMLNAME-2027-Intern---Software-Engineer_R171666,workday,2026-09-13,2026-09-15,2026-09-03,medium,True,True
AQR Capital Management,Trading Analyst Intern,"Greenwich, CT",Statistics / Analytics,https://careers.aqr.com/jobs?gh_jid=8077110&gh_jid=8077110,github,2026-09-13,2026-09-15,,medium,True,True
AQR Capital Management,Quantitative Prediction Markets Research Summer Analyst Intern,"Greenwich, CT",Statistics / Analytics,https://careers.aqr.com/jobs?gh_jid=8122378&gh_jid=8122378,github,2026-09-13,2026-09-15,,medium,True,True
AQR Capital Management,Arbitrage Research Summer Analyst Intern - AQR Arbitrage,"Greenwich, CT",Scientific Computing / Research,https://careers.aqr.com/jobs?gh_jid=8156993&gh_jid=8156993,github,2026-09-13,2026-09-15,,medium,True,True
AMD,Software Engineer Intern/Co-op,"Rochester, NY; Austin, TX; Longmont, CO; Fishkill, NY; Fort Collins, CO; Boxborough, MA",Software Engineering,https://careers.amd.com/jobs/90947?icims=1,github,2026-09-13,2026-09-15,,medium,True,True
AMD,Product Development Engineering Intern/Co-op,"Rochester, NY; Austin, TX; Longmont, CO; Fishkill, NY; Fort Collins, CO; Boxborough, MA",Hardware / Engineering,https://careers.amd.com/jobs/91230?icims=1,github,2026-09-13,2026-09-15,,medium,True,True
AMD,Product Development Engineer Intern/Co-op,"Rochester, NY; Austin, TX; Longmont, CO; Fishkill, NY; Fort Collins, CO; Boxborough, MA",Hardware / Engineering,https://careers.amd.com/jobs/90790?icims=1,github,2026-09-13,2026-09-15,,medium,True,True
AMD,Machine Learning Intern/Co-op - Multiple Teams,"Rochester, NY; Austin, TX; Longmont, CO; Fishkill, NY; Fort Collins, CO; Boxborough, MA",AI / Machine Learning,https://careers.amd.com/jobs/91170?icims=1,github,2026-09-13,2026-09-15,,medium,True,True
AMD,Machine Learning Intern/Co-op - Artificial Intelligence 🎓,"Rochester, NY; Austin, TX; Longmont, CO; Fishkill, NY; Fort Collins, CO; Boxborough, MA",AI / Machine Learning,https://careers.amd.com/jobs/91181?icims=1,github,2026-09-13,2026-09-15,,medium,True,True
AMD,Hardware Engineering Intern/Co-op - Undergrad,"Rochester, NY; Austin, TX; Longmont, CO; Fishkill, NY; Fort Collins, CO; Boxborough, MA",Hardware / Engineering,https://careers.amd.com/jobs/91173?icims=1,github,2026-09-13,2026-09-15,,medium,True,True
AMD,Hardware Engineer Intern/Co-op - Hardware Engineering 🎓,"Rochester, NY; Austin, TX; Longmont, CO; Fishkill, NY; Fort Collins, CO; Boxborough, MA",Hardware / Engineering,https://careers.amd.com/jobs/91182?icims=1,github,2026-09-13,2026-09-15,,medium,True,True
AMD,Hardware Design Verification Engineering Intern/Co-op,"Secaucus, NJ; Rochester, NY; Austin, TX; Longmont, CO; Fishkill, NY; Fort Collins, CO; Boxborough, MA",Hardware / Engineering,https://careers.amd.com/jobs/90820?icims=1,github,2026-09-13,2026-09-15,,medium,True,True
AMD,Hardware Design Verification Engineer Intern/Co-op,"Secaucus, NJ; Rochester, NY; Austin, TX; Longmont, CO; Fishkill, NY; Fort Collins, CO; Boxborough, MA",Hardware / Engineering,https://careers.amd.com/jobs/90813?icims=1,github,2026-09-13,2026-09-15,,medium,True,True
AMD,Firmware Engineer Intern/Co-op 🎓,"Secaucus, NJ; Rochester, NY; Austin, TX; Longmont, CO; Fishkill, NY; Fort Collins, CO; Boxborough, MA",Hardware / Engineering,https://careers.amd.com/jobs/90805?icims=1,github,2026-09-13,2026-09-15,,medium,True,True
AMD,Firmware Engineer Intern/Co-op,"Secaucus, NJ; Rochester, NY; Austin, TX; Longmont, CO; Fishkill, NY; Fort Collins, CO; Massachusetts",Hardware / Engineering,https://careers.amd.com/jobs/90801?icims=1,github,2026-09-13,2026-09-15,,medium,True,True
AMD,Data Analyst Intern/Co-op 🎓,"Rochester, NY; Austin, TX; Longmont, CO; Fishkill, NY; Fort Collins, CO; Boxborough, MA",Statistics / Analytics,https://careers.amd.com/jobs/91183?icims=1,github,2026-09-13,2026-09-15,,medium,True,True
AMD,Compiler Engineer Intern/Co-op - Masters 🎓,"Austin, TX; Longmont, CO; Fishkill, NY; Fort Collins, CO; Boxborough, MA",Software Engineering,https://careers.amd.com/jobs/91867?icims=1,github,2026-09-13,2026-09-15,,medium,True,True
AMD,Compiler Engineer Intern/Co-op,"Austin, TX; Longmont, CO; Fishkill, NY; Fort Collins, CO; Boxborough, MA",Software Engineering,https://careers.amd.com/jobs/91864?icims=1,github,2026-09-13,2026-09-15,,medium,True,True
AMD,ASIC Package Engineering Intern Co-op 🎓,"Secaucus, NJ; Austin, TX; Longmont, CO; Fishkill, NY; Fort Collins, CO; Boxborough, MA",Hardware / Engineering,https://careers.amd.com/jobs/91471?icims=1,github,2026-09-13,2026-09-15,,medium,True,True
